{
    "eval_loss": 0.1429070085287094,
    "eval_accuracy": 0.9615384615384616,
    "eval_runtime": 3.0083,
    "eval_samples_per_second": 69.142,
    "eval_steps_per_second": 8.643,
    "epoch": 5.0
}