{
    "eval_loss": 0.14533749222755432,
    "eval_accuracy": 0.9615384615384616,
    "eval_f1": 0.9615268487551096,
    "eval_runtime": 3.7638,
    "eval_samples_per_second": 55.264,
    "eval_steps_per_second": 6.908,
    "epoch": 5.0
}