Model,Accuracy,F1 Score
specter_tapt,0.9471153846153846,0.946756442407279
bert,0.9759615384615384,0.9758921177297115
roberta,0.9663461538461539,0.9662370889363748
